{
  "gate": 2,
  "suite": "availability",
  "generatedAt": "2026-04-05T08:04:50.770Z",
  "budgetSource": "docs/performance/availability-gate2-budget.json",
  "artifacts": {
    "rawDesktop": "artifacts/perf/availability/raw-desktop.json",
    "rawMobile": "artifacts/perf/availability/raw-mobile.json",
    "summaryJson": "artifacts/perf/availability/summary.json",
    "summaryMarkdown": "artifacts/perf/availability/summary.md"
  },
  "environments": {
    "desktop": {
      "deviceProfile": "chromium",
      "projectName": "chromium",
      "totalRawSamples": 5,
      "invalidSampleCount": 1,
      "invalidReasons": {
        "\u001b[2mexpect(\u001b[22m\u001b[31mreceived\u001b[39m\u001b[2m).\u001b[22mtoBeGreaterThan\u001b[2m(\u001b[22m\u001b[32mexpected\u001b[39m\u001b[2m)\u001b[22m\n\nExpected: > \u001b[32m0\u001b[39m\nReceived:   \u001b[31m0\u001b[39m\n\nCall Log:\n- Timeout 10000ms exceeded while waiting on the predicate": 1
      },
      "metrics": {
        "drawer_open_to_first_usable_ms": {
          "count": 1,
          "invalidCount": 0,
          "invalidReasons": {},
          "min": 8189.299999982119,
          "max": 8189.299999982119,
          "mean": 8189.3,
          "p50": 8189.299999982119,
          "p95": 8189.299999982119,
          "p99": 8189.299999982119
        },
        "day_switch_to_times_visible_ms": {
          "count": 1,
          "invalidCount": 0,
          "invalidReasons": {},
          "min": 6985.9000000059605,
          "max": 6985.9000000059605,
          "mean": 6985.9,
          "p50": 6985.9000000059605,
          "p95": 6985.9000000059605,
          "p99": 6985.9000000059605
        },
        "hold_request_latency_ms": {
          "count": 1,
          "invalidCount": 0,
          "invalidReasons": {},
          "min": 3014.2000000178814,
          "max": 3014.2000000178814,
          "mean": 3014.2,
          "p50": 3014.2000000178814,
          "p95": 3014.2000000178814,
          "p99": 3014.2000000178814
        },
        "continue_to_add_ons_ms": {
          "count": 0,
          "invalidCount": 1,
          "invalidReasons": {
            "\u001b[2mexpect(\u001b[22m\u001b[31mreceived\u001b[39m\u001b[2m).\u001b[22mtoBeGreaterThan\u001b[2m(\u001b[22m\u001b[32mexpected\u001b[39m\u001b[2m)\u001b[22m\n\nExpected: > \u001b[32m0\u001b[39m\nReceived:   \u001b[31m0\u001b[39m\n\nCall Log:\n- Timeout 10000ms exceeded while waiting on the predicate": 1
          },
          "min": null,
          "max": null,
          "mean": null,
          "p50": null,
          "p95": null,
          "p99": null
        },
        "background_refresh_ms": {
          "count": 1,
          "invalidCount": 0,
          "invalidReasons": {},
          "min": 5.4000000059604645,
          "max": 5.4000000059604645,
          "mean": 5.4,
          "p50": 5.4000000059604645,
          "p95": 5.4000000059604645,
          "p99": 5.4000000059604645
        }
      }
    },
    "mobile": {
      "deviceProfile": "mobile-chrome",
      "projectName": "mobile-chrome",
      "totalRawSamples": 5,
      "invalidSampleCount": 2,
      "invalidReasons": {
        "hold_request_status_409": 1,
        "no_enabled_slots_on_candidate_day": 1
      },
      "metrics": {
        "drawer_open_to_first_usable_ms": {
          "count": 1,
          "invalidCount": 0,
          "invalidReasons": {},
          "min": 8654.40000000596,
          "max": 8654.40000000596,
          "mean": 8654.4,
          "p50": 8654.40000000596,
          "p95": 8654.40000000596,
          "p99": 8654.40000000596
        },
        "day_switch_to_times_visible_ms": {
          "count": 1,
          "invalidCount": 0,
          "invalidReasons": {},
          "min": 9480.800000011921,
          "max": 9480.800000011921,
          "mean": 9480.8,
          "p50": 9480.800000011921,
          "p95": 9480.800000011921,
          "p99": 9480.800000011921
        },
        "hold_request_latency_ms": {
          "count": 0,
          "invalidCount": 1,
          "invalidReasons": {
            "hold_request_status_409": 1
          },
          "min": null,
          "max": null,
          "mean": null,
          "p50": null,
          "p95": null,
          "p99": null
        },
        "continue_to_add_ons_ms": {
          "count": 0,
          "invalidCount": 1,
          "invalidReasons": {
            "no_enabled_slots_on_candidate_day": 1
          },
          "min": null,
          "max": null,
          "mean": null,
          "p50": null,
          "p95": null,
          "p99": null
        },
        "background_refresh_ms": {
          "count": 1,
          "invalidCount": 0,
          "invalidReasons": {},
          "min": 3,
          "max": 3,
          "mean": 3,
          "p50": 3,
          "p95": 3,
          "p99": 3
        }
      }
    }
  },
  "budgetCheck": {
    "passed": false,
    "checkedAt": "2026-04-05T08:04:54.903Z",
    "requiredSampleCount": 30,
    "failures": [
      "[FAIL] desktop drawer_open_to_first_usable_ms sample_count=1 required=30",
      "[FAIL] desktop drawer_open_to_first_usable_ms p95=8189.299999982119 budget=1500",
      "[FAIL] desktop drawer_open_to_first_usable_ms p99=8189.299999982119 budget=2500",
      "[FAIL] desktop day_switch_to_times_visible_ms sample_count=1 required=30",
      "[FAIL] desktop day_switch_to_times_visible_ms p95=6985.9000000059605 budget=900",
      "[FAIL] desktop day_switch_to_times_visible_ms p99=6985.9000000059605 budget=1500",
      "[FAIL] desktop hold_request_latency_ms sample_count=1 required=30",
      "[FAIL] desktop hold_request_latency_ms p95=3014.2000000178814 budget=800",
      "[FAIL] desktop hold_request_latency_ms p99=3014.2000000178814 budget=1500",
      "[FAIL] desktop continue_to_add_ons_ms sample_count=0 required=30",
      "[FAIL] desktop continue_to_add_ons_ms p95 missing",
      "[FAIL] desktop continue_to_add_ons_ms p99 missing",
      "[FAIL] desktop background_refresh_ms sample_count=1 required=30",
      "[FAIL] mobile drawer_open_to_first_usable_ms sample_count=1 required=30",
      "[FAIL] mobile drawer_open_to_first_usable_ms p95=8654.40000000596 budget=1500",
      "[FAIL] mobile drawer_open_to_first_usable_ms p99=8654.40000000596 budget=2500",
      "[FAIL] mobile day_switch_to_times_visible_ms sample_count=1 required=30",
      "[FAIL] mobile day_switch_to_times_visible_ms p95=9480.800000011921 budget=900",
      "[FAIL] mobile day_switch_to_times_visible_ms p99=9480.800000011921 budget=1500",
      "[FAIL] mobile hold_request_latency_ms sample_count=0 required=30",
      "[FAIL] mobile hold_request_latency_ms p95 missing",
      "[FAIL] mobile hold_request_latency_ms p99 missing",
      "[FAIL] mobile continue_to_add_ons_ms sample_count=0 required=30",
      "[FAIL] mobile continue_to_add_ons_ms p95 missing",
      "[FAIL] mobile continue_to_add_ons_ms p99 missing",
      "[FAIL] mobile background_refresh_ms sample_count=1 required=30"
    ],
    "warnings": [
      "[WARN] desktop drawer_open_to_first_usable_ms p50=8189.299999982119 budget=700",
      "[WARN] desktop day_switch_to_times_visible_ms p50=6985.9000000059605 budget=400",
      "[WARN] desktop hold_request_latency_ms p50=3014.2000000178814 budget=300",
      "[WARN] desktop continue_to_add_ons_ms invalid_count=1",
      "[WARN] mobile drawer_open_to_first_usable_ms p50=8654.40000000596 budget=700",
      "[WARN] mobile day_switch_to_times_visible_ms p50=9480.800000011921 budget=400",
      "[WARN] mobile hold_request_latency_ms invalid_count=1",
      "[WARN] mobile continue_to_add_ons_ms invalid_count=1"
    ],
    "passes": [
      "[PASS] desktop background_refresh_ms p95=5.4000000059604645 budget=1800",
      "[PASS] desktop background_refresh_ms p99=5.4000000059604645 budget=3000",
      "[PASS] mobile background_refresh_ms p95=3 budget=1800",
      "[PASS] mobile background_refresh_ms p99=3 budget=3000"
    ]
  }
}